create database neon
go
use neon
go
create table Students
(RollNo varchar(7) primary key
,Name varchar(30)
,WarningCount int
,Department varchar(15)
)
GO
INSERT [dbo].[Students] ([RollNo], [Name], [WarningCount], [Department]) VALUES (N'1', N'Ali', 0, N'CS')
INSERT [dbo].[Students] ([RollNo], [Name], [WarningCount], [Department]) VALUES (N'2', N'Bilal', 0, N'CS')
INSERT [dbo].[Students] ([RollNo], [Name], [WarningCount], [Department]) VALUES (N'3', N'Ayesha', 0, N'CS')
INSERT [dbo].[Students] ([RollNo], [Name], [WarningCount], [Department]) VALUES (N'4', N'Ahmed', 0, N'CS')
INSERT [dbo].[Students] ([RollNo], [Name], [WarningCount], [Department]) VALUES (N'5', N'Sara', 0, N'EE')
INSERT [dbo].[Students] ([RollNo], [Name], [WarningCount], [Department]) VALUES (N'6', N'Salman', 1, N'EE')
INSERT [dbo].[Students] ([RollNo], [Name], [WarningCount], [Department]) VALUES (N'7', N'Zainab', 2, N'CS')
INSERT [dbo].[Students] ([RollNo], [Name], [WarningCount], [Department]) VALUES (N'8', N'Danial', 1, N'CS')

go
create table Courses
(
CourseID int primary key,
CourseName varchar(40),
PrerequiteCourseID int,
CreditHours int
) 
GO
INSERT [dbo].[Courses] ([CourseID], [CourseName], [PrerequiteCourseID],CreditHours) VALUES (10, N'Database Systems', 20, 3)
INSERT [dbo].[Courses] ([CourseID], [CourseName], [PrerequiteCourseID],CreditHours) VALUES (20, N'Data Structures', 30,3)
INSERT [dbo].[Courses] ([CourseID], [CourseName], [PrerequiteCourseID],CreditHours) VALUES (30, N'Programing', NULL,3)
INSERT [dbo].[Courses] ([CourseID], [CourseName], [PrerequiteCourseID],CreditHours) VALUES (40, N'Basic Electronics', NULL,3)
go

go
Create table Instructors 
(
InstructorID int Primary key,
Name varchar(30),
Department varchar(7) ,
)
GO
INSERT [dbo].[Instructors] ([InstructorID], [Name], [Department]) VALUES (100, N'Ishaq Raza', N'CS')
INSERT [dbo].[Instructors] ([InstructorID], [Name], [Department]) VALUES (200, N'Zareen Alamgir', N'CS')
INSERT [dbo].[Instructors] ([InstructorID], [Name], [Department]) VALUES (300, N'Saima Zafar', N'EE')
go
Create table Semester
(
Semester varchar(15) Primary key,
[Status] varchar(10),
)
GO
INSERT [dbo].[Semester] ([Semester], [Status]) VALUES (N'Fall2016', N'Complete')
INSERT [dbo].[Semester] ([Semester], [Status]) VALUES (N'Spring2016', N'Complete')
INSERT [dbo].[Semester] ([Semester], [Status]) VALUES (N'Spring2017', N'InProgress')
INSERT [dbo].[Semester] ([Semester], [Status]) VALUES (N'Summer2016', N'Cancelled')
go
Create table Courses_Semester
(
InstructorID int Foreign key References Instructors(InstructorID),
CourseID int Foreign key References Courses(CourseID),
Semester varchar(15) Foreign key References Semester(Semester), 
Section varchar(1) ,
AvailableSeats int,
Department varchar(2)
)
GO
INSERT [dbo].[Courses_Semester] ([InstructorID], [CourseID], [Semester], [Section], [AvailableSeats], [Department]) VALUES (200, 10, N'Spring2017', N'D', 45, N'CS')
INSERT [dbo].[Courses_Semester] ([InstructorID], [CourseID], [Semester], [Section], [AvailableSeats], [Department]) VALUES (200, 10, N'Spring2017', N'C', 0, N'CS')
INSERT [dbo].[Courses_Semester] ([InstructorID], [CourseID], [Semester], [Section], [AvailableSeats], [Department]) VALUES (100, 10, N'Spring2017', N'A', 6, N'CS')
INSERT [dbo].[Courses_Semester] ([InstructorID], [CourseID], [Semester], [Section], [AvailableSeats], [Department]) VALUES (300, 40, N'Spring2017', N'A', 6, N'CS')
INSERT [dbo].[Courses_Semester] ([InstructorID], [CourseID], [Semester], [Section], [AvailableSeats], [Department]) VALUES (300, 40, N'Spring2016', N'A', 6, N'CS')
INSERT [dbo].[Courses_Semester] ([InstructorID], [CourseID], [Semester], [Section], [AvailableSeats], [Department]) VALUES (200, 10, N'Spring2016', N'A', 0, N'CS')

go



create table Registration
(
Semester varchar(15) Foreign key References Semester(Semester),
RollNumber  varchar(7) Foreign key References Students(RollNo),
CourseID int Foreign key References Courses(CourseID), 
Section varchar(1),
GPA float
)
INSERT [dbo].[Registration] ([Semester], [RollNumber], [CourseID], [Section],GPA) VALUES (N'Fall2016', N'1', 20, N'A', 3.3)
INSERT [dbo].[Registration] ([Semester], [RollNumber], [CourseID], [Section],GPA) VALUES (N'Fall2016', N'2', 20, N'B', 4)
INSERT [dbo].[Registration] ([Semester], [RollNumber], [CourseID], [Section],GPA) VALUES (N'Spring2016', N'1', 30, N'A', 1.0)
INSERT [dbo].[Registration] ([Semester], [RollNumber], [CourseID], [Section],GPA) VALUES (N'Fall2016', N'6', 40, N'D',0.0)
INSERT [dbo].[Registration] ([Semester], [RollNumber], [CourseID], [Section],GPA) VALUES (N'Spring2017', N'6', 40, N'D',1)


go

Create table ChallanForm
(Semester varchar(15) Foreign key References Semester(Semester),
RollNumber  varchar(7) Foreign key References Students(RollNo),
TotalDues int,
[Status] varchar(10)
)
GO
INSERT [dbo].[ChallanForm] ([Semester], [RollNumber], [TotalDues], [Status]) VALUES (N'Fall2016', N'1', 100000, N'Paid')
INSERT [dbo].[ChallanForm] ([Semester], [RollNumber], [TotalDues], [Status]) VALUES (N'Fall2016', N'2', 13333, N'Paid')
INSERT [dbo].[ChallanForm] ([Semester], [RollNumber], [TotalDues], [Status]) VALUES (N'Fall2016', N'3', 5000, N'Paid')
INSERT [dbo].[ChallanForm] ([Semester], [RollNumber], [TotalDues], [Status]) VALUES (N'Fall2016', N'4', 20000, N'Pending')


select * from Students
select * from Courses
select * from Instructors
select * from Registration
select * from Semester
select * from Courses_Semester
select * from ChallanForm

go
--question1
begin tran
update students set WarningCount=1 where rollno=1
waitfor delay '00:00:10'
commit

go
set transaction isolation level read committed
select WarningCount from students where rollno=1
go

--read uncommitted
begin tran
update students set WarningCount=1 where rollno=1
waitfor delay '00:00:10'
rollback
go

set transaction isolation level read uncommitted
select name from students where rollno=1
go

--repeatable read
set transaction isolation level repeatable read
begin tran
select* from students where rollno in (1,2)
waitfor delay '00:00:10'
select * from students where rollno in (1,2)
rollback
go

update students set WarningCount=1 where rollno=1
go
--serializable read
set transaction isolation level serializable
begin tran
select * from students
waitfor delay '00:00:10'
select* from students
rollback

go
insert into students(RollNo,Name,WarningCount,Department)
values(9,'shehmeer',1,'CS')




--question 2
go
create procedure registerCourse
@s varchar(15),
@no varchar(7) ,
@c int,
@so varchar(1),
@g float
as begin
	begin tran
	declare @cgpa float
	set @cgpa = (select cgpa from
	(select dbo.Registration.RollNumber,sum(dbo.Courses.CreditHours*dbo.Registration.GPA)/sum(credithours) as cgpa
	from courses
	join Registration
	on Courses.CourseID=Registration.CourseID
	group by Registration.RollNumber) b
	where b.RollNumber=@no)

	if(@cgpa>2.5)
	begin
		insert into registration
		values(@s,@no,@c,@so,@g)
		insert into semester
		values(@s,'inProgress')
		commit
	end
	else
	begin
		print 'the record must not be stored and a message must be displayed that you can only enroll in subjects that you can improve'
		rollback
	end
end




