,ID,name,designation,HEC Approved PhD Supervisor,email,facultyURL,image
0,4198,Dr. Saima Zafar,Professor & HOD,True,saima.zafar@nu.edu.pk,http://lhr.nu.edu.pk//ee/facultyProfile/4198,http://lhr.nu.edu.pk//media/Faculty/4198.jpg
1,4108,Dr. S.M. Sajid,Professor,True,sm.sajid@nu.edu.pk,http://lhr.nu.edu.pk//ee/facultyProfile/4108,http://lhr.nu.edu.pk//media/Faculty/4108.jpg
2,5421,Dr. Syed Aun Abbas,Professor,False,aun.abbas@nu.edu.pk,http://lhr.nu.edu.pk//ee/facultyProfile/5421,http://lhr.nu.edu.pk//media/Faculty/5421.jpg
3,5957,Dr. Fahad Zia,Assistant Professor,False,Muhammad Fahad Zia,http://lhr.nu.edu.pk//ee/facultyProfile/5957,http://lhr.nu.edu.pk//media/Faculty/M._Fahad_Zia_1.jpg
4,6414,Dr. Jabran Khan,Assistant Professor,False,jabran.khan@nu.edu.pk,http://lhr.nu.edu.pk//ee/facultyProfile/6414,http://lhr.nu.edu.pk//media/Faculty/Dr._Jabran_Khan.png
5,9452,Dr. Kashif Saeed,Assistant Professor,False,kashif.saeed@nu.edu.pk,http://lhr.nu.edu.pk//ee/facultyProfile/9452,http://lhr.nu.edu.pk//media/Faculty/9452.jpg
6,4980,Dr. Mohsin Kamal,Assistant Professor,True,mohsin.kamal@nu.edu.pk,http://lhr.nu.edu.pk//ee/facultyProfile/4980,http://lhr.nu.edu.pk//media/Faculty/Dr._Mohsin_Kamal2.jpg
7,4609,Dr. Omer Saleem,Assistant Professor,True,omer.saleem@nu.edu.pk,http://lhr.nu.edu.pk//ee/facultyProfile/4609,http://lhr.nu.edu.pk//media/Faculty/4609_qAreaMT.jpg
8,4023,Mr. Abdul Majid,Assistant Professor,False,abdul.majid@nu.edu.pk,http://lhr.nu.edu.pk//ee/facultyProfile/4023,http://lhr.nu.edu.pk//media/Faculty/4023.jpg
9,4233,Ms. Beenish Fatima,Assistant Professor,False,beenish.fatima@nu.edu.pk,http://lhr.nu.edu.pk//ee/facultyProfile/4233,http://lhr.nu.edu.pk//media/Faculty/4233.jpg
10,4234,Ms. Bushra Rashid,Assistant Professor,False,bushra.rashid@nu.edu.pk,http://lhr.nu.edu.pk//ee/facultyProfile/4234,http://lhr.nu.edu.pk//media/Faculty/4234.jpg
11,3669,Mr. Haris Mujtaba,Assistant Professor,False,haris.kazmi@nu.edu.pk,http://lhr.nu.edu.pk//ee/facultyProfile/3669,http://lhr.nu.edu.pk//media/Faculty/3669.jpg
12,3455,Mr. Kamran Jamal,Assistant Professor,False,kamran.jamal@nu.edu.pk,http://lhr.nu.edu.pk//ee/facultyProfile/3455,http://lhr.nu.edu.pk//media/Faculty/3455.jpg
13,4239,Ms. Maimoona Akram,Assistant Professor,False,maimoona.akram@nu.edu.pk,http://lhr.nu.edu.pk//ee/facultyProfile/4239,http://lhr.nu.edu.pk//media/Faculty/4239.jpg
14,3461,Mr. Mohsin Yousaf,Assistant Professor,False,mohsin.yousuf@nu.edu.pk,http://lhr.nu.edu.pk//ee/facultyProfile/3461,http://lhr.nu.edu.pk//media/Faculty/3461.jpg
15,4484,Ms. Shazia Haque,Assistant Professor,False,shazia.haque@nu.edu.pk,http://lhr.nu.edu.pk//ee/facultyProfile/4484,http://lhr.nu.edu.pk//media/Faculty/4484.jpg
16,3778,Ms. Tamania Javed,Assistant Professor,False,tamania.javaid@nu.edu.pk,http://lhr.nu.edu.pk//ee/facultyProfile/3778,http://lhr.nu.edu.pk//media/Faculty/3778.jpg
17,4394,Ms. Tooba Javed,Assistant Professor,False,tooba.javed@nu.edu.pk,http://lhr.nu.edu.pk//ee/facultyProfile/4394,http://lhr.nu.edu.pk//media/Faculty/4394.jpg
18,3779,Ms. Akbare Yaqub,Lecturer,False,akbari.yaqoob@nu.edu.pk,http://lhr.nu.edu.pk//ee/facultyProfile/3779,http://lhr.nu.edu.pk//media/Faculty/3779.jpg
19,5218,Ms. Aroosa Umair,Lecturer,False,aroosa.umair@nu.edu.pk,http://lhr.nu.edu.pk//ee/facultyProfile/5218,http://lhr.nu.edu.pk//media/Faculty/5218.jpg
20,4938,Ms. Samia Mahmood,Lecturer,False,samia.mahmood@nu.edu.pk,http://lhr.nu.edu.pk//ee/facultyProfile/4938,http://lhr.nu.edu.pk//media/Faculty/4938.jpg
21,4809,Ms. Sara Kiran,Lecturer,False,sara.kiran@nu.edu.pk,http://lhr.nu.edu.pk//ee/facultyProfile/4809,http://lhr.nu.edu.pk//media/Faculty/4809.jpg
22,5231,Mr. Syed Muhammad Ismail,Lecturer,False,muhammad.ismail@nu.edu.pk,http://lhr.nu.edu.pk//ee/facultyProfile/5231,http://lhr.nu.edu.pk//media/Faculty/5231.jpg
23,5708,Mr. Hamza Yousaf,Lab Engineer,False,hamza.yousuf@nu.edu.pk,http://lhr.nu.edu.pk//ee/facultyProfile/5708,http://lhr.nu.edu.pk//media/Faculty/5708.jpg
24,6435,Ms. Khizra Farooq,Lab Engineer,False,khizra.farooq@nu.edu.pk,http://lhr.nu.edu.pk//ee/facultyProfile/6435,http://lhr.nu.edu.pk//media/Faculty/Khizra_Farooq.jpg
