,ID,Extension,Education
4,9538,(042) 111-128-128 Ext:413,"Ph.D(Computer Science), KTH Royal Institute of Technology, Stockholm, Sweden (2014)"
28,4015,(042) 111-128-128 Ext:214,"M.S(Computer Science), University Of Central Punjab, Pakistan (2013)"
45,6307,(042) 111-128-128 Ext:None,
40,6311,(042) 111-128-128 Ext:None,
21,6255,(042) 111-128-128 Ext:None,"PhD (Natural Science), TU Dortmund University, Germany, 2010"
17,5114,(042) 111-128-128 Ext:439,"Ph.D(Computer Science), Lahore University of Management Sciences (LUMS), Pakistan (2016)"
9,6418,(042) 111-128-128 Ext:None,"PhD (CS), Monash University (2013)"
