,ID,name,designation,HEC Approved PhD Supervisor,email,facultyURL,image
0,5423,Dr. Mian Muhammad Atif,Assistant Professor & HOD,True,mian.atif @nu.edu.pk,http://lhr.nu.edu.pk//fsm/facultyProfile/5423,http://lhr.nu.edu.pk//media/Faculty/Atif.jpg
1,3924,Dr. Hamid Hassan,Professor,True,hamid.hassan@nu.edu.pk,http://lhr.nu.edu.pk//fsm/facultyProfile/3924,http://lhr.nu.edu.pk//media/Faculty/director.jpg
2,4685,Dr. Akbar Azam,Assistant Professor,True,akbar.azam@nu.edu.pk,http://lhr.nu.edu.pk//fsm/facultyProfile/4685,http://lhr.nu.edu.pk//media/Faculty/4685.jpg
3,5014,Dr. Ammar Javed,Assistant Professor,False,ammar.javed@nu.edu.pk,http://lhr.nu.edu.pk//fsm/facultyProfile/5014,http://lhr.nu.edu.pk//media/Faculty/5014.jpg
4,5816,Dr. Asif Saeed,Assistant Professor,True,asif.saeed@nu.edu.pk,http://lhr.nu.edu.pk//fsm/facultyProfile/5816,http://lhr.nu.edu.pk//media/Faculty/asif_saeed_MTtNOqS.jpg
5,5712,Dr. Brig Mujahid Hussain,Adjunct Assistant Professor,True,mujahid.hussain@nu.edu.pk,http://lhr.nu.edu.pk//fsm/facultyProfile/5712,http://lhr.nu.edu.pk//media/Faculty/mujahid.jpg
6,4629,Dr. Fatima Omer,Assistant Professor,False,fatima.omer@nu.edu.pk,http://lhr.nu.edu.pk//fsm/facultyProfile/4629,http://lhr.nu.edu.pk//media/Faculty/4629.jpg
7,6426,Dr. Umer Iqbal,Assistant Professor,True,umer.iqbal@nu.edu.pk,http://lhr.nu.edu.pk//fsm/facultyProfile/6426,http://lhr.nu.edu.pk//media/Faculty/FSM_Umer_Iqbal_.JPG
8,9495,Dr. Zia Khan,Assistant Professor,True,zia.khan@nu.edu.pk,http://lhr.nu.edu.pk//fsm/facultyProfile/9495,http://lhr.nu.edu.pk//media/Faculty/9495.jpg
9,4483,Mr. Aamer Allauddin,Assistant Professor,False,allauddin@gmail.com,http://lhr.nu.edu.pk//fsm/facultyProfile/4483,http://lhr.nu.edu.pk//media/Faculty/4483.jpg
10,4812,Mr. Muhammad Ali,Assistant Professor,False,muhammadali@nu.edu.pk,http://lhr.nu.edu.pk//fsm/facultyProfile/4812,http://lhr.nu.edu.pk//media/Faculty/4812.jpg
11,4647,Mr. Shakeel Ahmad,Assistant Professor,False,shakeel.ahmad@nu.edu.pk,http://lhr.nu.edu.pk//fsm/facultyProfile/4647,http://lhr.nu.edu.pk//media/Faculty/4647.jpg
12,5517,Ms. Aroosa Safdar,Lecturer,False,aroosa.safdar@nu.edu.pk,http://lhr.nu.edu.pk//fsm/facultyProfile/5517,http://lhr.nu.edu.pk//media/Faculty/5517.jpg
13,6383,Ms. Ayesha Arshad,Lecturer,False,ayesha.arshad@nu.edu.pk,http://lhr.nu.edu.pk//fsm/facultyProfile/6383,http://lhr.nu.edu.pk//media/Faculty/Ayesha_Arshad.jpg
14,5227,Ms. Beenish Arshad,Lecturer,False,beenish.arshad@nu.edu.pk,http://lhr.nu.edu.pk//fsm/facultyProfile/5227,http://lhr.nu.edu.pk//media/Faculty/5227.jpg
15,5518,Ms. Fatima Habib,Lecturer,False,fatima.habib@nu.edu.pk,http://lhr.nu.edu.pk//fsm/facultyProfile/5518,http://lhr.nu.edu.pk//media/Faculty/5518.jpg
16,4984,Ms. Fatima Saif,Lecturer,False,fatima.saif@nu.edu.pk,http://lhr.nu.edu.pk//fsm/facultyProfile/4984,http://lhr.nu.edu.pk//media/Faculty/4984.jpg
17,5092,Mr. Muzzammil Iqbal,Lecturer,False,muzammil.iqbal@nu.edu.pk,http://lhr.nu.edu.pk//fsm/facultyProfile/5092,http://lhr.nu.edu.pk//media/Faculty/5092.jpg
18,5713,Mr. Salmaan Khalil Rahman,Adjunct Lecturer,False,salmaan.rahman@nu.edu.pk,http://lhr.nu.edu.pk//fsm/facultyProfile/5713,http://lhr.nu.edu.pk//media/Faculty/5713.jpg
19,6303,Ms. Sundas Munir,Lecturer,False,sundas.munir@nu.edu.pk,http://lhr.nu.edu.pk//fsm/facultyProfile/6303,http://lhr.nu.edu.pk//media/Faculty/6303.png
20,6115,Ms. Ghulam Fatima,Instructor,False,ghulam.fatima@nu.edu.pk,http://lhr.nu.edu.pk//fsm/facultyProfile/6115,http://lhr.nu.edu.pk//media/Faculty/Ghulam_Fatima_Insturctor-MG.jpeg
