,ID,name,designation,HEC Approved PhD Supervisor,email,facultyURL,image
0,4584,Dr. Farasat Shamir,Associate Professor & HOD,True,farasat.shamir@nu.edu.pk,http://lhr.nu.edu.pk//ss/facultyProfile/4584,http://lhr.nu.edu.pk//media/Faculty/4584.jpg
1,4018,Dr. Summaira Sarfraz,Professor,True,sumaira.sarfraz@nu.edu.pk,http://lhr.nu.edu.pk//ss/facultyProfile/4018,http://lhr.nu.edu.pk//media/Faculty/4018.jpg
2,4020,Dr. Akhlaq Ahmad Bhatti,Professor,True,akhlaq.ahmad@nu.edu.pk,http://lhr.nu.edu.pk//ss/facultyProfile/4020,http://lhr.nu.edu.pk//media/Faculty/4020.jpg
3,3712,Dr. Mazhar Hussain,Professor,True,mazhar.hussain@nu.edu.pk,http://lhr.nu.edu.pk//ss/facultyProfile/3712,http://lhr.nu.edu.pk//media/Faculty/3712-removebg-preview_1.png
4,4332,Dr. Mubashir Qayyum,Professor,True,mubashir.qayyum@nu.edu.pk,http://lhr.nu.edu.pk//ss/facultyProfile/4332,http://lhr.nu.edu.pk//media/Faculty/Dr._Mubashir_Qayyum-removebg-preview.png
5,4250,Dr. Saman Shahid,Professor,True,saman.shahid@nu.edu.pk,http://lhr.nu.edu.pk//ss/facultyProfile/4250,http://lhr.nu.edu.pk//media/Faculty/SAMAN_SHAHID.jpg
6,1250,Dr. Saeeda Zia,Associate Professor,True,saeeda.zia@nu.edu.pk,http://lhr.nu.edu.pk//ss/facultyProfile/1250,http://lhr.nu.edu.pk//media/Faculty/1250.jpg
7,9172,Dr. Hira Iqbal,Assistant Professor,True,hira.iqbal@nu.edu.pk,http://lhr.nu.edu.pk//ss/facultyProfile/9172,http://lhr.nu.edu.pk//media/Faculty/9172.jpg
8,5437,Dr. Muhammad Tahir Rashid,Assistant Professor,False,tahir.rashid@nu.edu.pk,http://lhr.nu.edu.pk//ss/facultyProfile/5437,http://lhr.nu.edu.pk//media/Faculty/5437.jpg
9,9173,Dr. Tayyaba Naz,Assistant Professor,True,tayyaba.naz@nu.edu.pk,http://lhr.nu.edu.pk//ss/facultyProfile/9173,http://lhr.nu.edu.pk//media/Faculty/9173.jpg
10,6112,Dr. Waleed Shehzad,Assistant Professor,True,waleed.shehzad@nu.edu.pk,http://lhr.nu.edu.pk//ss/facultyProfile/6112,http://lhr.nu.edu.pk//media/Faculty/Dr._Waleed_Shehzad_Asst._Professor_-_Eng.jpeg
11,4243,Dr. Zahida Mansoor,Assistant Professor,True,zahida.mansoor@nu.edu.pk,http://lhr.nu.edu.pk//ss/facultyProfile/4243,http://lhr.nu.edu.pk//media/Faculty/4243.jpg
12,4244,Ms. Hajira Ikram Butt,Assistant Professor,False,hajra.ikram@nu.edu.pk,http://lhr.nu.edu.pk//ss/facultyProfile/4244,http://lhr.nu.edu.pk//media/Faculty/4244.jpg
13,4608,Ms. Hina Firdous,Assistant Professor,False,hina.firdous@nu.edu.pk,http://lhr.nu.edu.pk//ss/facultyProfile/4608,http://lhr.nu.edu.pk//media/Faculty/4608.jpg
14,4242,Ms. Raheela Tariq,Assistant Professor,False,raheela.tariq@nu.edu.pk,http://lhr.nu.edu.pk//ss/facultyProfile/4242,http://lhr.nu.edu.pk//media/Faculty/4242.jpg
15,4245,Mr. Zulfiqar Ali,Assistant Professor,False,ali.zulfiqar@nu.edu.pk,http://lhr.nu.edu.pk//ss/facultyProfile/4245,http://lhr.nu.edu.pk//media/Faculty/4245.jpg
16,5438,Mr. Abdul Sattar,Lecturer,False,abdul.sattar@nu.edu.pk,http://lhr.nu.edu.pk//ss/facultyProfile/5438,http://lhr.nu.edu.pk//media/Faculty/5438.jpg
17,5203,Ms. Ayesha Saeed,Lecturer,False,ayesha.saeed@nu.edu.pk,http://lhr.nu.edu.pk//ss/facultyProfile/5203,http://lhr.nu.edu.pk//media/Faculty/5203.jpg
18,4601,Ms. Falaknaz Zia,Lecturer,False,falaknazzia@yahoo.com,http://lhr.nu.edu.pk//ss/facultyProfile/4601,http://lhr.nu.edu.pk//media/Faculty/4601.jpg
19,4397,Mr. Hafiz Hamza Janjua,Lecturer,False,hamza.janjua@nu.edu.pk,http://lhr.nu.edu.pk//ss/facultyProfile/4397,http://lhr.nu.edu.pk//media/Faculty/4397.jpg
20,6179,Ms. Iqra Rafiq,Lecturer,False,iqra.rafiq@nu.edu.pk,http://lhr.nu.edu.pk//ss/facultyProfile/6179,http://lhr.nu.edu.pk//media/Faculty/6179.png
21,6421,Ms. Kanwal Saleem,Lecturer,False,kanwal.saleem@nu.edu.pk,http://lhr.nu.edu.pk//ss/facultyProfile/6421,http://lhr.nu.edu.pk//media/Faculty/Kanwal.jpeg
22,6365,Mr. Muhammad Yaseen,Lecturer,False,m.yaseen@nu.edu.pk,http://lhr.nu.edu.pk//ss/facultyProfile/6365,http://lhr.nu.edu.pk//media/Faculty/Yasin.jpg
23,6178,Ms. Namra Fazal,Lecturer,False,namra.fazal@nu.edu.pk,http://lhr.nu.edu.pk//ss/facultyProfile/6178,http://lhr.nu.edu.pk//media/Faculty/6178.png
24,5795,Mr. Razm-ul-Zafar,Lecturer,False,razm.zafar@nu.edu.pk,http://lhr.nu.edu.pk//ss/facultyProfile/5795,http://lhr.nu.edu.pk//media/Faculty/5795.jpg
25,5337,Ms. Sarah Ahmad,Lecturer,False,Sarah.ahmad@nu.edu.pk,http://lhr.nu.edu.pk//ss/facultyProfile/5337,http://lhr.nu.edu.pk//media/Faculty/5337.jpg
26,6363,Mr. Tasaduque Hussain Shah,Lecturer,False,tasduque.hussain@nu.edu.pk,http://lhr.nu.edu.pk//ss/facultyProfile/6363,http://lhr.nu.edu.pk//media/Faculty/Tasaduque_Hussain_Shah.jpg
27,6180,Ms. Zainab Mubarik,Lecturer,False,zainab.mubarik@nu.edu.pk,http://lhr.nu.edu.pk//ss/facultyProfile/6180,http://lhr.nu.edu.pk//media/Faculty/1_Zainab_Mubarik.jpg
28,6420,Ms. Nokhaiz Zahra,Instructor,False,nokhaiz.zahra@nu.edu.pk,http://lhr.nu.edu.pk//ss/facultyProfile/6420,http://lhr.nu.edu.pk//media/Faculty/Nokhaiz_Zahra.jpg
29,6181,Ms. Rida Ahmed,Instructor,False,rida.ahmed@nu.edu.pk,http://lhr.nu.edu.pk//ss/facultyProfile/6181,http://lhr.nu.edu.pk//media/Faculty/6181.png
